{
  "accuracy": 0.9062431061107434,
  "macro_f1": 0.9090978228696039,
  "confusion_matrix": [
    [
      990,
      6,
      1
    ],
    [
      4,
      2158,
      214
    ],
    [
      0,
      200,
      960
    ]
  ]
}